{"MSE": 0.8666666666666667, "RMSE": 0.375, "R2": 0.9550561797752809}
